name,title,specialization,other_specialties,experience_years,rating,review_count,clinic_name,clinic_address,phone,consultation_fee_pkr,consultation_minutes,availability_days,availability_hours,filled_in,source,source_url,collected_on
Dr. Hafiz Muhammad Junaid,,Neurosurgeon,,10,4.8,1523,IDC,"563-B, Saleem Chowk, Peoples Colony, Satiana Road, Faisalabad",,3000,20,"Mon,Tue,Wed,Thu,Fri,Sat",05:00 PM – 09:00 PM,consultation_fee_pkr; consultation_minutes; availability,Oladoc,https://oladoc.com/pakistan/faisalabad/h/idc-faisalabad/6623,2026-10-02
Dr. Umair Fiaz Sheikh,,Neurologist,,9,4.9,512,IDC,"563-B, Saleem Chowk, Peoples Colony, Satiana Road, Faisalabad",,2500,20,"Mon,Tue,Wed,Thu,Fri,Sat",05:00 PM – 09:00 PM,consultation_fee_pkr; consultation_minutes; availability,Oladoc,https://oladoc.com/pakistan/faisalabad/h/idc-faisalabad/6623,2026-10-02
Dr. Muhammad Abdur Rehman,,Neurosurgeon,Spinal Surgeon,,4.9,103,IDC,"563-B, Saleem Chowk, Peoples Colony, Satiana Road, Faisalabad",,3000,20,"Mon,Tue,Wed,Thu,Fri,Sat",05:00 PM – 09:00 PM,consultation_fee_pkr; consultation_minutes; availability,Oladoc,https://oladoc.com/pakistan/faisalabad/h/idc-faisalabad/6623,2026-10-02
Dr. Zafar Fayyaz,Associate Professor,Pediatric Gastroenterologist,Pediatrician,17,4.7,452,IDC,"563-B, Saleem Chowk, Peoples Colony, Satiana Road, Faisalabad",,2500,20,"Mon,Tue,Wed,Thu,Fri,Sat",05:00 PM – 09:00 PM,consultation_fee_pkr; consultation_minutes; availability,Oladoc,https://oladoc.com/pakistan/faisalabad/h/idc-faisalabad/6623,2026-10-02
Dr. Muhammad Waqas Khichi,,ENT Specialist,ENT Surgeon,7,4.8,143,IDC,"563-B, Saleem Chowk, Peoples Colony, Satiana Road, Faisalabad",,2000,20,"Mon,Tue,Wed,Thu,Fri,Sat",05:00 PM – 09:00 PM,consultation_fee_pkr; consultation_minutes; availability,Oladoc,https://oladoc.com/pakistan/faisalabad/h/idc-faisalabad/6623,2026-10-02
Dr. Muhammad Arslan Azhar,,Family Physician,Pathologist,7,5.0,124,Health Care Clinic,"371, Jinnah Colony, Near Chiniot Dialysis Center, Faisalabad",,1000,15,"Mon,Tue,Wed,Thu,Fri,Sat",05:00 PM – 09:00 PM,consultation_fee_pkr; consultation_minutes; availability,Oladoc,https://oladoc.com/pakistan/faisalabad/h/health-care-clinic-faisalabad/13320,2026-10-02
Dr. Jawairia Khan,,Internal Medicine Specialist,Consultant Physician,10,5.0,3,Health Care Clinic,"371, Jinnah Colony, Near Chiniot Dialysis Center, Faisalabad",,1500,20,"Mon,Tue,Wed,Thu,Fri,Sat",05:00 PM – 09:00 PM,consultation_fee_pkr; consultation_minutes; availability,Oladoc,https://oladoc.com/pakistan/faisalabad/h/health-care-clinic-faisalabad/13320,2026-10-02
Dr. Mahnoor Azhar,,General Physician,Family Physician,9,4.7,1283,Health Care Clinic,"371, Jinnah Colony, Near Chiniot Dialysis Center, Faisalabad",,1000,15,"Mon,Tue,Wed,Thu,Fri,Sat",05:00 PM – 09:00 PM,consultation_fee_pkr; consultation_minutes; availability,Oladoc,https://oladoc.com/pakistan/faisalabad/h/health-care-clinic-faisalabad/13320,2026-10-02
Dr. Awais Aslam,,Pulmonologist,,12,4.9,2347,Doctors Medical And Diagnostic Complex,"Mian Zulfiqar Ali Shahid Road, Block B, Muslim Town, Faisalabad",0313-8479077,2500,20,"Mon,Tue,Wed,Thu,Fri,Sat",05:00 PM – 09:00 PM,consultation_fee_pkr; consultation_minutes; availability,Oladoc,https://oladoc.com/pakistan/faisalabad/h/doctors-medical-and-diagnostic-complex/14152,2026-10-02
Dr. Atta Ul Haq Shah,,General Physician,Family Physician,8,5.0,3,Rehman Medical Complex,"Rehman Medical Complex, Near Chugtai Lab, Tandlianwala District, Faisalabad",,1000,15,"Mon,Tue,Wed,Thu,Fri,Sat",05:00 PM – 09:00 PM,consultation_fee_pkr; consultation_minutes; availability,Oladoc,https://oladoc.com/pakistan/faisalabad/h/rehman-medical-complex-faisalabad/15426,2026-10-02
Dr. Sidrah Khan,,Gynecologist,Obstetrician,3,5.0,3,Doctor Clinic,"Nemat Colony, Near Khurram Chowk, Faisalabad",,2000,20,"Mon,Tue,Wed,Thu,Fri,Sat",05:00 PM – 09:00 PM,consultation_fee_pkr; consultation_minutes; availability,Oladoc,https://oladoc.com/pakistan/faisalabad/h/doctor-clinic/10696,2026-10-02
Dr. Ali Faheem Haider,,General Physician,,2,,,Faiq Medical Complex,"Street-17 Subhan Aullah Plaza, Dogar Chowk, Ghulam Muhammad Abad, Faisalabad",,1000,15,"Mon,Tue,Wed,Thu,Fri,Sat",05:00 PM – 09:00 PM,consultation_fee_pkr; consultation_minutes; availability,Oladoc,https://oladoc.com/pakistan/faisalabad/h/faiq-medical-complex/21194,2026-10-02
Dr. Nisar Khan Sajid,,Pediatrician,,20,4.8,28,Sharif Medical Complex,"Raja Road, Block H, Gulistan Colony, Faisalabad",,1500,20,"Mon,Tue,Wed,Thu,Fri,Sat",05:00 PM – 09:00 PM,consultation_fee_pkr; consultation_minutes; availability,Oladoc,https://oladoc.com/pakistan/faisalabad/h/sharif-medical-complex-faisalabad/5727,2026-10-02
Dr. Salman Shakoor Awan,,Internal Medicine Specialist,Consultant Physician; General Physician,12,4.9,45,Sharif Medical Complex,"Raja Road, Block H, Gulistan Colony, Faisalabad",,1500,20,"Mon,Tue,Wed,Thu,Fri,Sat",05:00 PM – 09:00 PM,consultation_fee_pkr; consultation_minutes; availability,Oladoc,https://oladoc.com/pakistan/faisalabad/h/sharif-medical-complex-faisalabad/5727,2026-10-02
Dr. Ishtiaq Ahmad,,Cardiologist,,20,5.0,4,Doctors Center,"Near Imam Bargah, Water Works Road, Jaranwala, Faisalabad",0307-1111024,2500,20,"Mon,Tue,Wed,Thu,Fri,Sat",05:00 PM – 09:00 PM,consultation_fee_pkr; consultation_minutes; availability,Oladoc,https://oladoc.com/pakistan/faisalabad/h/doctors-center/11256,2026-10-02
Dr. Ali Ahmad,,General Physician,Family Physician,2,5.0,7,Dr Ali Ahmad Clinic,"Near Rehmat Medical Store, Bilal Nagar, Faisalabad",,1000,15,"Mon,Tue,Wed,Thu,Fri,Sat",05:00 PM – 09:00 PM,consultation_fee_pkr; consultation_minutes; availability,Oladoc,https://oladoc.com/pakistan/faisalabad/h/dr-ali-ahmad-clinic/17216,2026-10-02
Dr. Farkhanda Jabeen,,Family Physician,General Physician,15,4.5,148,Family Care Clinic,"Muniawala Stop, Arif Road, Near Zee Garden, Sheikhupura Road, Faisalabad",0318-8667334,1000,15,"Mon,Tue,Wed,Thu,Fri,Sat",05:00 PM – 09:00 PM,consultation_fee_pkr; consultation_minutes; availability,Oladoc,https://oladoc.com/pakistan/faisalabad/h/family-care-clinic-faisal-abad/16689,2026-10-02
Dr. Muhammad Waqas Qadri,,Internal Medicine Specialist,Family Physician; Gastroenterologist; General Physician,14,4.9,181,,"673-A, Peoples Colony No. 1, Canal Road, Faisalabad",,1500,20,"Mon,Tue,Wed,Thu,Fri,Sat",05:00 PM – 09:00 PM,consultation_fee_pkr; consultation_minutes; availability,Oladoc,https://oladoc.com/pakistan/faisalabad/dr/internal-medicine-specialist/muhhammad-waqas-qadri/13464,2026-10-02
Dr. Mehar Muhammad Imran,,Pulmonologist,Internal Medicine Specialist,10,4.9,297,,"House No. 122, Peoples Colony No. 1, Medina Society, Near NGS School, Faisalabad",,2500,20,"Mon,Tue,Wed,Thu,Fri,Sat",05:00 PM – 09:00 PM,consultation_fee_pkr; consultation_minutes; availability,Oladoc,https://oladoc.com/pakistan/faisalabad/dr/pulmonologist/mehar-muhammad-imran/315273,2026-10-02
Dr. Rana Qamar Javed,,Oncologist,Consultant Physician,20,4.9,333,National Hospital,"National Hospital, Gulberg Road, Jinnah Colony, Faisalabad",,3000,20,"Mon,Tue,Wed,Thu,Fri,Sat",05:00 PM – 09:00 PM,consultation_fee_pkr; consultation_minutes; availability,Oladoc,https://oladoc.com/pakistan/faisalabad/dr/oncologist/rana-qamar-javed/330786,2026-10-02
Dr. Muhammad Usama Malik,,Dentist,Oral and Maxillofacial Surgeon,12,4.9,158,Alpha Dental,"Alpha Dental, 36-B, People's Colony No. 1, D-Ground, Harianwala Chowk, Faisalabad",,1000,30,"Mon,Tue,Wed,Thu,Fri,Sat",05:00 PM – 09:00 PM,consultation_fee_pkr; consultation_minutes; availability,Oladoc,https://oladoc.com/pakistan/faisalabad/dr/dentist/muhammad-usama-malik/1170040,2026-10-02
Dr. Fabiha Farooq,,Dentist,,11,,,Prime Care Hospital,"Prime Care Hospital, Saeed Colony, Faisalabad",,1000,30,"Mon,Tue,Wed,Thu,Fri,Sat",05:00 PM – 09:00 PM,consultation_fee_pkr; consultation_minutes; availability,InstaCare,https://instacare.pk/hospitals/faisalabad/saeed-colony/prime-care-hospital-faisalabad,2026-10-02
Dr. Asmara Naeemi,,Gynecologist,,15,,,Prime Care Hospital,"Prime Care Hospital, Saeed Colony, Faisalabad",,2000,20,"Mon,Tue,Wed,Thu,Fri,Sat",05:00 PM – 09:00 PM,consultation_fee_pkr; consultation_minutes; availability,InstaCare,https://instacare.pk/hospitals/faisalabad/saeed-colony/prime-care-hospital-faisalabad,2026-10-02
Dr. Saba Tariq,,Gynecologist,,,,,Prime Care Hospital,"Prime Care Hospital, Saeed Colony, Faisalabad",,2000,20,"Mon,Tue,Wed,Thu,Fri,Sat",05:00 PM – 09:00 PM,consultation_fee_pkr; consultation_minutes; availability,InstaCare,https://instacare.pk/hospitals/faisalabad/saeed-colony/prime-care-hospital-faisalabad,2026-10-02
Dr. Ayub Ur Rehman,,ENT Specialist,,8,,,Independent Hospital,"Independent Hospital, Narwala Road, Faisalabad",,2000,20,"Mon,Tue,Wed,Thu,Fri,Sat",05:00 PM – 09:00 PM,consultation_fee_pkr; consultation_minutes; availability,InstaCare,https://instacare.pk/hospitals/faisalabad/narwala-road/independent-hospital,2026-10-02
Dr. Ayesha Arif,,General Physician,,8,,,Independent Hospital,"Independent Hospital, Narwala Road, Faisalabad",,1000,15,"Mon,Tue,Wed,Thu,Fri,Sat",05:00 PM – 09:00 PM,consultation_fee_pkr; consultation_minutes; availability,InstaCare,https://instacare.pk/hospitals/faisalabad/narwala-road/independent-hospital,2026-10-02
Dr. Ali Ikram,,General Physician,,,,,Independent Hospital,"Independent Hospital, Narwala Road, Faisalabad",,1000,15,"Mon,Tue,Wed,Thu,Fri,Sat",05:00 PM – 09:00 PM,consultation_fee_pkr; consultation_minutes; availability,InstaCare,https://instacare.pk/hospitals/faisalabad/narwala-road/independent-hospital,2026-10-02
Dr. Hamza Tajammal,,Dentist,,8,,,Dental Spa,"Dental Spa, Gulistan Colony, Faisalabad",,1000,30,"Mon,Tue,Wed,Thu,Fri,Sat",05:00 PM – 09:00 PM,consultation_fee_pkr; consultation_minutes; availability,InstaCare,https://instacare.pk/diseases/fits/faisalabad,2026-10-02
