chain_id,branch_name,address,area,phone,hours,latitude,longitude,location_precision,on_lab_website,source_url,collected_on
chughtai-lab,Chughtai Medical Center Main Gulberg Road,"Opposite National Hospital, Near Tabaq Restaurant, Gulberg Road, Faisalabad",Gulberg Road,03-111-456-789,,31.417954,73.064269,area,not checked,https://instacare.pk/lab/chughtai-lab/Faisalabad/Gulberg%20Road/chughtai-medical-center-main-gulberg-road,2026-10-05
chughtai-lab,Chughtai Medical Center Akbarabad Chowk,"Near Allied Hospital, Akbarabad Chowk, Faisalabad",Akbarabad Chowk,03-111-456-789,,31.447038,73.080222,area,not checked,https://instacare.pk/lab/chughtai-lab/Faisalabad/Akbarabad%20Chowk/chughtai-medical-center-akbarabad-chowk,2026-10-05
chughtai-lab,Chughtai Medical Center Samanabad,"Near Lahore Diagnostic Center, Samanabad, Faisalabad",Samanabad,03-111-456-789,,31.387325,73.067595,area,not checked,https://instacare.pk/lab/chughtai-lab/Faisalabad/Samanabad/chughtai-medical-center-samanabad,2026-10-05
chughtai-lab,Chughtai Medical Center Satiana Road,"Saleemi Chowk, Opp National Bank, Satiana Road, Faisalabad",Satiana Road,03-111-456-789,,31.393505,73.117319,area,not checked,https://instacare.pk/lab/chughtai-lab/Faisalabad/Satiana%20Road/chughtai-medical-center-satiana-road,2026-10-05
chughtai-lab,Chughtai Medical Center Susan Road,"Madina Town, Susan Road, Faisalabad",Susan Road,03-111-456-789,,31.420371,73.116914,street,not checked,https://instacare.pk/lab/chughtai-lab/Faisalabad/Susan%20Road/chughtai-medical-center-susan-road,2026-10-05
chughtai-lab,Chughtai Medical Center Canal Road,"Near Faisal Hospital, East Canal Road, Faisalabad",East Canal Road,03-111-456-789,,31.465109,73.189801,area,not checked,https://instacare.pk/lab/chughtai-lab/Faisalabad/East%20Canal%20Road/chughtai-medical-center-canal-road,2026-10-05
chughtai-lab,Chughtai Medical Center Ghulamabad,"Al-Moiz Diagnostic Center, Ghulam Muhammad Abad, Faisalabad",Ghulam Muhammad Abad,03-111-456-789,,31.445419,73.047399,area,not checked,https://instacare.pk/lab/chughtai-lab/Faisalabad/Ghulam%20Muhammad%20Abad/chughtai-medical-center-ghulamabad,2026-10-05
chughtai-lab,Chughtai Medical Center Madina Town,"Near Prime Care Hospital, Madina Town, Faisalabad",Madina Town,03-111-456-789,,31.416155,73.120273,area,not checked,https://instacare.pk/lab/chughtai-lab/Faisalabad/Madina%20Town/chughtai-medical-center-madina-town,2026-10-05
idc,Islamabad Diagnostic Centre (IDC) Peoples Colony,"563-B, Satiana Road, Peoples Colony, Faisalabad",Peoples Colony,051-111-000-432,,31.410159,73.094132,street,not checked,https://instacare.pk/lab/islamabad-diagnostic-centre-idc/Faisalabad/Peoples%20Colony/islamabad-diagnostic-centre-idc-peoples-colony,2026-10-05
idc,Islamabad Diagnostic Centre (IDC) Gulberg Road,"Fatima Centre, Opposite National Hospital, Gulberg Road, Faisalabad",Gulberg Road,051-111-000-432,,31.417954,73.064269,area,not checked,https://instacare.pk/lab/islamabad-diagnostic-centre-idc/Faisalabad/Gulberg%20Road/islamabad-diagnostic-centre-idc-gulberg-road,2026-10-05
idc,Islamabad Diagnostic Centre (IDC) Canal Road,"Green mall plaza, Saeed colony# 1, Gate# 2, Canal Road, Faisalabad",Canal Road,051-111-000-432,,,,none,not checked,https://instacare.pk/lab/islamabad-diagnostic-centre-idc/Faisalabad/Canal%20Road/islamabad-diagnostic-centre-idc-canal-road,2026-10-05
idc,Islamabad Diagnostic Centre (IDC) Gulistan Colony,"Raja Road, Near Aziz Fatima Hospital, Gulistan Colony, Faisalabad",Gulistan Colony,051-111-000-432,,31.444404,73.103627,area,not checked,https://instacare.pk/lab/islamabad-diagnostic-centre-idc/Faisalabad/Gulistan%20Colony/islamabad-diagnostic-centre-idc-gulistan-colony,2026-10-05
citilab,Citi Lab Akbarabad Chowk,"Akhter Plaza, P-107/A, 1st Floor, St # 5, Opp Allied Hospital, Akbarabad Chowk, Faisalabad",Akbarabad Chowk,111-511-512,,31.447038,73.080222,area,no,https://instacare.pk/lab/citilab-research-centre/Faisalabad/Akbarabad%20Chowk/citi-lab-akbarabad-chowk,2026-10-05
citilab,Citi Lab Satiana Road,"350-B, LA Salle Road, Near Ideal Sweet, Satiana Road, Faisalabad",Satiana Road,111-511-512,,31.393505,73.117319,area,no,https://instacare.pk/lab/citilab-research-centre/Faisalabad/Satiana%20Road/citi-lab-satayana-road-satayana-road,2026-10-05
citilab,Citi Lab Peoples Colony,"572-B Main Satyana Road Salemi Chowk, Peoples Colony, Faisalabad",Peoples Colony,111-511-512,,31.408536,73.108257,area,no,https://instacare.pk/lab/citilab-research-centre/Faisalabad/Peoples%20Colony/citi-lab-peoples-colony,2026-10-05
citilab,Citi Lab Daewoo Road,"Allied Hospital Street #5, Daewoo Road, Faisalabad",Daewoo Road,111-511-512,,31.447849,73.079281,area,no,https://instacare.pk/lab/citilab-research-centre/Faisalabad/Daewoo%20Road/citi-lab-daewoo-road,2026-10-05
excel-labs,Excel Lab Aziz Gulistan Colony,"219 B Aziz Fatima Hospital Road Near Shalimar Hotel, Gulistan Colony, Faisalabad",Gulistan Colony,051-88-44-000,,31.444404,73.103627,area,no,https://instacare.pk/lab/excel-labs/Faisalabad/Gulistan%20Colony/excel-lab-aziz-gulistan-colony,2026-10-05
excel-labs,Excel Lab Susan Road Point,"Inside Green Pharmacy, Near Ideal Bakery, Susan Road, Faisalabad",Susan Road,041-8543355,"Mon–Sat 8:00 AM – 10:00 PM, Sun 9:00 AM – 5:30 PM",31.421815,73.117571,area,yes,https://instacare.pk/lab/excel-labs/Faisalabad/Susan%20Road/,2026-10-05
excel-labs,Excel Lab Satiana Road,"339-B, Near Doctor Plaza, Adjacent Punjab Bank, Satiana Road, Faisalabad",Satiana Road,041-8547070,"Mon–Sat 8:00 AM – 10:00 PM, Sun 9:00 AM – 5:30 PM",31.393505,73.117319,area,yes,https://instacare.pk/lab/excel-labs/Faisalabad/Satiana%20Road/excel-lab-satiana-road,2026-10-05
excel-labs,Excel Lab Akbarabad Chowk,"Opposite Pace College Near A-One Surgical Allied Hospital, Akbarabad Chowk, Faisalabad",Akbarabad Chowk,051-88-44-000,,31.447038,73.080222,area,no,https://instacare.pk/lab/excel-labs/Faisalabad/Akbarabad%20Chowk/excel-lab-akbarabad-chowk,2026-10-05
innova,Innova Labs and Diagnostics Samnabad Road,"Bilal Chowk, Samnabad Road, Faisalabad",Samnabad Road,042-111-466-682,,,,none,no,https://instacare.pk/lab/innova-labs-and-diagnostics/Faisalabad/Samnabad%20Road/innova-labs-and-diagnostics-samnabad-road,2026-10-05
