chain,chain_slug,test_slug,test_name,also_known_as,discounted_price_pkr,regular_price_pkr,source_url,collected_on
Chughtai Lab,chughtai-lab-11081,17-oh-progesterone,17-OH Progesterone,"17-OH Progesterone,17-Hydroprogesterone,17 Hydroxy Progeserone",3680,4600,https://instacare.pk/book-tests/lab/chughtai-lab-11081/17-oh-progesterone,2026-10-05
Chughtai Lab,chughtai-lab-11081,25-oh-vitamin-d-total,25 OH Vitamin D Total,,3150,4200,https://instacare.pk/book-tests/lab/chughtai-lab-11081/25-oh-vitamin-d-total,2026-10-05
Chughtai Lab,chughtai-lab-11081,ag-ratio,A/G Ratio,"Liver Function Test, ALP, ALB, T.BILI, ALT, AST, GGT,LFT,TP,A/G Ratio",840,1050,https://instacare.pk/book-tests/lab/chughtai-lab-11081/ag-ratio,2026-10-05
Chughtai Lab,chughtai-lab-11081,alkaline-phosphatase,Alkaline Phosphatase,"Alkaline Po4, ALK Po4, Alkaline Phosphatase (Serum)",600,750,https://instacare.pk/book-tests/lab/chughtai-lab-11081/alkaline-phosphatase,2026-10-05
Chughtai Lab,chughtai-lab-11081,anti-hbs,Anti-HBs,Hepatitis B Surface Antibody,2120,2650,https://instacare.pk/book-tests/lab/chughtai-lab-11081/anti-hbs,2026-10-05
Chughtai Lab,chughtai-lab-11081,anti-hcv,Anti-HCV,"Anti Hepatitis C Virus Antibodies, ANTI HCV,Hepatitis C Antibody",2400,3000,https://instacare.pk/book-tests/lab/chughtai-lab-11081/anti-hcv,2026-10-05
Chughtai Lab,chughtai-lab-11081,anti-hiv-1-2,Anti-HIV - 1 & 2,"HIV-1 and HIV-2 Antibody,HIV Screening Test,AIDS Screening Test",2960,3700,https://instacare.pk/book-tests/lab/chughtai-lab-11081/anti-hiv-1-2,2026-10-05
Chughtai Lab,chughtai-lab-11081,anti-mullerian-hormone-amh,Anti-Mullerian Hormone,"AMH,AMH Hormone Test",5760,7200,https://instacare.pk/book-tests/lab/chughtai-lab-11081/anti-mullerian-hormone-amh,2026-10-05
Chughtai Lab,chughtai-lab-11081,anti-musk-antibodies,Anti Musk Antibodies,,15800,19750,https://instacare.pk/book-tests/lab/chughtai-lab-11081/anti-musk-antibodies,2026-10-05
Chughtai Lab,chughtai-lab-11081,basic-health-profile,Basic Health Profile,,4640,5800,https://instacare.pk/book-tests/lab/chughtai-lab-11081/basic-health-profile,2026-10-05
Chughtai Lab,chughtai-lab-11081,basic-thyroid-profile-ft3-ft4-tsh,"Basic Thyroid Profile (FT3, FT4, TSH)","Basic TFT, FT4,Thyroid Profile,TSH,Basic Thyroid Profile ,FT4",5200,6500,https://instacare.pk/book-tests/lab/chughtai-lab-11081/basic-thyroid-profile-ft3-ft4-tsh,2026-10-05
Chughtai Lab,chughtai-lab-11081,beta-hcg,Beta hCG,"Total beta hCG,Quantitative hCG,Qualitative hCG,hCG Pregnancy",2040,2550,https://instacare.pk/book-tests/lab/chughtai-lab-11081/beta-hcg,2026-10-05
Chughtai Lab,chughtai-lab-11081,blood-ce-complete-cbc,Complete Blood Count (CBC) (Blood Test),"CBC, Blood For Analysis, Blood CP, Blood Complete Picture, Blood Routine Examination,Blood C/E Complete",720,900,https://instacare.pk/book-tests/lab/chughtai-lab-11081/blood-ce-complete-cbc,2026-10-05
Chughtai Lab,chughtai-lab-11081,blood-glucose-random,Blood Glucose Random,"Random Glucose Test,Glucose Test (Random),Blood Sugar (Non-Fasting),CBG,Capillary Blood Glucose",400,500,https://instacare.pk/book-tests/lab/chughtai-lab-11081/blood-glucose-random,2026-10-05
Chughtai Lab,chughtai-lab-11081,chromosomal-analysis--karyotyping-from-blood,Chromosomal Analysis / Karyotyping from blood,,9200,11500,https://instacare.pk/book-tests/lab/chughtai-lab-11081/chromosomal-analysis--karyotyping-from-blood,2026-10-05
Chughtai Lab,chughtai-lab-11081,cytology-body-fluid,Cytology Body Fluid,,2000,2500,https://instacare.pk/book-tests/lab/chughtai-lab-11081/cytology-body-fluid,2026-10-05
Chughtai Lab,chughtai-lab-11081,free-psa,Free PSA,,9360,11700,https://instacare.pk/book-tests/lab/chughtai-lab-11081/free-psa,2026-10-05
Chughtai Lab,chughtai-lab-11081,free-t3,Free T3,"Triiodothyronine,FT3,Total Triiodothyronine,Free Triiodothyronine",2400,3000,https://instacare.pk/book-tests/lab/chughtai-lab-11081/free-t3,2026-10-05
Chughtai Lab,chughtai-lab-11081,free-t4,Free T4,"Thyroxine,Free Thyroxine",2400,3000,https://instacare.pk/book-tests/lab/chughtai-lab-11081/free-t4,2026-10-05
Chughtai Lab,chughtai-lab-11081,ggt,Gamma Glutamyl Transpeptidase,"GGT,GGTP,Gamma-GT,GTP",520,650,https://instacare.pk/book-tests/lab/chughtai-lab-11081/ggt,2026-10-05
Chughtai Lab,chughtai-lab-11081,hb,Hemoglobin,"Hgb,HB",480,600,https://instacare.pk/book-tests/lab/chughtai-lab-11081/hb,2026-10-05
Chughtai Lab,chughtai-lab-11081,hba1c-glycosylated-hemoglobin,HbA1c,"Hemoglobin A1c,A1c,Glycohemoglobin,Glycosylated Hemoglobin,Glycated Hemoglobin",1800,2400,https://instacare.pk/book-tests/lab/chughtai-lab-11081/hba1c-glycosylated-hemoglobin,2026-10-05
Chughtai Lab,chughtai-lab-11081,hbsag,HBsAg,"Hepatitis B Antigen,Hepatitis B Surface Antigen",1720,2150,https://instacare.pk/book-tests/lab/chughtai-lab-11081/hbsag,2026-10-05
Chughtai Lab,chughtai-lab-11081,hbv-pcr-viral-load-quantitation,HBV PCR (Viral Load / Quantitation),Hepatitis B Virus PCR (Quantitative),11200,14000,https://instacare.pk/book-tests/lab/chughtai-lab-11081/hbv-pcr-viral-load-quantitation,2026-10-05
Chughtai Lab,chughtai-lab-11081,lh,Luteinizing Hormone (LH),,1920,2400,https://instacare.pk/book-tests/lab/chughtai-lab-11081/lh,2026-10-05
Chughtai Lab,chughtai-lab-11081,lipid-profile,Lipid Profile,"Lipid Panel, Coronary Risk Panel,Lipid Profile (Fasting),Lipid Profile (Random)",2025,2700,https://instacare.pk/book-tests/lab/chughtai-lab-11081/lipid-profile,2026-10-05
Chughtai Lab,chughtai-lab-11081,liver-function-test-with-ggt,Liver Function Test (LFT),"LFT,Liver Profile,Liver Panel",1760,2200,https://instacare.pk/book-tests/lab/chughtai-lab-11081/liver-function-test-with-ggt,2026-10-05
Chughtai Lab,chughtai-lab-11081,pap-smear-for-lbc,PAP Smear for LBC  ," Cervical Smear,Papanicolaou Test",4000,5000,https://instacare.pk/book-tests/lab/chughtai-lab-11081/pap-smear-for-lbc,2026-10-05
Chughtai Lab,chughtai-lab-11081,plasma-glucose-fasting,Plasma Glucose (Fasting),,480,600,https://instacare.pk/book-tests/lab/chughtai-lab-11081/plasma-glucose-fasting,2026-10-05
Chughtai Lab,chughtai-lab-11081,platelet-count,Platelet Count,"Thrombocyte Count,PLT,Platelet Distribution Width,PDW,Mean Platelet Volume,MPV",480,600,https://instacare.pk/book-tests/lab/chughtai-lab-11081/platelet-count,2026-10-05
Chughtai Lab,chughtai-lab-11081,psa,Prostate Specific Antigen (PSA),"Total PSA,Free PSA",3040,3800,https://instacare.pk/book-tests/lab/chughtai-lab-11081/psa,2026-10-05
Chughtai Lab,chughtai-lab-11081,renal-function-tests,Renal Function Tests,"RFT,Renal Panel",1680,2100,https://instacare.pk/book-tests/lab/chughtai-lab-11081/renal-function-tests,2026-10-05
Chughtai Lab,chughtai-lab-11081,semen-for-analysis,Semen Analysis," Sperm Analysis,Sperm Coun,Seminal Fluid Analysis",2760,3450,https://instacare.pk/book-tests/lab/chughtai-lab-11081/semen-for-analysis,2026-10-05
Chughtai Lab,chughtai-lab-11081,thyroid-function-test-t3-t4-tsh,"Thyroid Function Test (T3, T4, TSH)","FT3,Triiodothyronine,FT4, Thyroid-stimulating Hormone,Thyrotropin",4000,5000,https://instacare.pk/book-tests/lab/chughtai-lab-11081/thyroid-function-test-t3-t4-tsh,2026-10-05
Chughtai Lab,chughtai-lab-11081,total-t3,Total T3,"Triiodothyronine,Total Triiodothyronine",1440,1800,https://instacare.pk/book-tests/lab/chughtai-lab-11081/total-t3,2026-10-05
Chughtai Lab,chughtai-lab-11081,total-t4,Total T4,"Triiodothyronine,Total Triiodothyronine",1440,1800,https://instacare.pk/book-tests/lab/chughtai-lab-11081/total-t4,2026-10-05
Chughtai Lab,chughtai-lab-11081,tsh,TSH (Thyroid Stimulating Hormone),"TSH,Thyrotropin",1600,2000,https://instacare.pk/book-tests/lab/chughtai-lab-11081/tsh,2026-10-05
Chughtai Lab,chughtai-lab-11081,uric-acid-serum,Uric Acid (Serum),"Serum Urate,UA",720,900,https://instacare.pk/book-tests/lab/chughtai-lab-11081/uric-acid-serum,2026-10-05
Chughtai Lab,chughtai-lab-11081,urine-ce,Urine C/E (Urine Test),"Urine Routine Examination,Urine Complete Examination,Urine R/E,Urine D/R,Urine Analysis,Urine C/E (Complete, Analysis)",520,650,https://instacare.pk/book-tests/lab/chughtai-lab-11081/urine-ce,2026-10-05
Chughtai Lab,chughtai-lab-11081,vitamin-b12,Vitamin B12,,2080,2600,https://instacare.pk/book-tests/lab/chughtai-lab-11081/vitamin-b12,2026-10-05
Chughtai Lab,chughtai-lab-11081,wbc-count-tlc,WBC Count (TLC)," Leukocyte Count,White Count",480,600,https://instacare.pk/book-tests/lab/chughtai-lab-11081/wbc-count-tlc,2026-10-05
Chughtai Lab,chughtai-lab-11081,ck-mb,CK-MB,CPK MB,1840,2300,https://instacare.pk/book-tests/lab/chughtai-lab-11081/ck-mb,2026-10-05
Chughtai Lab,chughtai-lab-11081,dengue-ns1-antigen,Dengue NS1 Antigen,"Dengue Fever Virus,Dengue Fever Antibodies",2760,3450,https://instacare.pk/book-tests/lab/chughtai-lab-11081/dengue-ns1-antigen,2026-10-05
Chughtai Lab,chughtai-lab-11081,esr,Erythrocyte Sedimentation Rate (ESR),"ESR,Sed Rate,Sedimentation Rate,Westergren Sedimentation Rate,Wintrobe Sedimentation Rate",480,600,https://instacare.pk/book-tests/lab/chughtai-lab-11081/esr,2026-10-05
Chughtai Lab,chughtai-lab-11081,x-ray-chest-pa-view,X-Ray: Chest Pa View,,1200,1500,https://instacare.pk/book-tests/lab/chughtai-lab-11081/x-ray-chest-pa-view,2026-10-05
Chughtai Lab,chughtai-lab-11081,ultra-sound-usg-abdomen-pelvis,Ultra Sound (USG): Abdomen & Pelvis,,2625,3500,https://instacare.pk/book-tests/lab/chughtai-lab-11081/ultra-sound-usg-abdomen-pelvis,2026-10-05
Chughtai Lab,chughtai-lab-11081,ultra-sound-usg-pelvis,Ultra Sound (USG): Pelvis,,2250,3000,https://instacare.pk/book-tests/lab/chughtai-lab-11081/ultra-sound-usg-pelvis,2026-10-05
Chughtai Lab,chughtai-lab-11081,ultra-sound-usg-obstetrical-usg-2nd-trimester-with-anomaly-scan,Ultra Sound (USG): Obstetrical USG 2nd Trimester with Anomaly Scan ,,2625,3500,https://instacare.pk/book-tests/lab/chughtai-lab-11081/ultra-sound-usg-obstetrical-usg-2nd-trimester-with-anomaly-scan,2026-10-05
Chughtai Lab,chughtai-lab-11081,mri-brain-with-contrast,MRI Brain With Contrast ,,12000,15000,https://instacare.pk/book-tests/lab/chughtai-lab-11081/mri-brain-with-contrast,2026-10-05
Chughtai Lab,chughtai-lab-11081,mri-knee-joint-with-contrast,MRI Knee Joint With Contrast,,14400,18000,https://instacare.pk/book-tests/lab/chughtai-lab-11081/mri-knee-joint-with-contrast,2026-10-05
Chughtai Lab,chughtai-lab-11081,mri-lumber-spine-screening,MRI Lumber Spine Screening,,8000,10000,https://instacare.pk/book-tests/lab/chughtai-lab-11081/mri-lumber-spine-screening,2026-10-05
Chughtai Lab,chughtai-lab-11081,mri-cervical-spine-with-contrast,MRI Cervical Spine With Contrast,,11200,14000,https://instacare.pk/book-tests/lab/chughtai-lab-11081/mri-cervical-spine-with-contrast,2026-10-05
Chughtai Lab,chughtai-lab-11081,mrcp-mri-pancreas-with-contrast,MRCP + MRI Pancreas with contrast,"Magnetic Resonance Cholangiopancreatography,Magnetic Resonance Imaging Pancreas",17600,22000,https://instacare.pk/book-tests/lab/chughtai-lab-11081/mrcp-mri-pancreas-with-contrast,2026-10-05
Chughtai Lab,chughtai-lab-11081,mr-mammography-with-contrast,MR Mammography With Contrast,,17600,22000,https://instacare.pk/book-tests/lab/chughtai-lab-11081/mr-mammography-with-contrast,2026-10-05
Chughtai Lab,chughtai-lab-11081,ct-angiography-neck-and-brain,CT Angiography Neck and Brain ,,18400,23000,https://instacare.pk/book-tests/lab/chughtai-lab-11081/ct-angiography-neck-and-brain,2026-10-05
Islamabad Diagnostic Centre (IDC),islamabad-diagnostic-centre-idc,17-oh-progesterone,17-OH Progesterone,"17-OH Progesterone,17-Hydroprogesterone,17 Hydroxy Progeserone",5400,6000,https://instacare.pk/book-tests/lab/islamabad-diagnostic-centre-idc/17-oh-progesterone,2026-10-05
Islamabad Diagnostic Centre (IDC),islamabad-diagnostic-centre-idc,ag-ratio,A/G Ratio,"Liver Function Test, ALP, ALB, T.BILI, ALT, AST, GGT,LFT,TP,A/G Ratio",1350,1500,https://instacare.pk/book-tests/lab/islamabad-diagnostic-centre-idc/ag-ratio,2026-10-05
Islamabad Diagnostic Centre (IDC),islamabad-diagnostic-centre-idc,alkaline-phosphatase,Alkaline Phosphatase,"Alkaline Po4, ALK Po4, Alkaline Phosphatase (Serum)",855,950,https://instacare.pk/book-tests/lab/islamabad-diagnostic-centre-idc/alkaline-phosphatase,2026-10-05
Islamabad Diagnostic Centre (IDC),islamabad-diagnostic-centre-idc,anti-hcv,Anti-HCV,"Anti Hepatitis C Virus Antibodies, ANTI HCV,Hepatitis C Antibody",990,1100,https://instacare.pk/book-tests/lab/islamabad-diagnostic-centre-idc/anti-hcv,2026-10-05
Islamabad Diagnostic Centre (IDC),islamabad-diagnostic-centre-idc,anti-mullerian-hormone-amh,Anti-Mullerian Hormone,"AMH,AMH Hormone Test",6210,6900,https://instacare.pk/book-tests/lab/islamabad-diagnostic-centre-idc/anti-mullerian-hormone-amh,2026-10-05
Islamabad Diagnostic Centre (IDC),islamabad-diagnostic-centre-idc,beta-hcg,Beta hCG,"Total beta hCG,Quantitative hCG,Qualitative hCG,hCG Pregnancy",2295,2550,https://instacare.pk/book-tests/lab/islamabad-diagnostic-centre-idc/beta-hcg,2026-10-05
Islamabad Diagnostic Centre (IDC),islamabad-diagnostic-centre-idc,bilirubin-total,Bilirubin Total ,"TBIL, Total Bilirubin",855,950,https://instacare.pk/book-tests/lab/islamabad-diagnostic-centre-idc/bilirubin-total,2026-10-05
Islamabad Diagnostic Centre (IDC),islamabad-diagnostic-centre-idc,blood-ce-complete-cbc,Complete Blood Count (CBC) (Blood Test),"CBC, Blood For Analysis, Blood CP, Blood Complete Picture, Blood Routine Examination,Blood C/E Complete",1080,1200,https://instacare.pk/book-tests/lab/islamabad-diagnostic-centre-idc/blood-ce-complete-cbc,2026-10-05
Islamabad Diagnostic Centre (IDC),islamabad-diagnostic-centre-idc,cholesterol,Cholesterol,,900,1000,https://instacare.pk/book-tests/lab/islamabad-diagnostic-centre-idc/cholesterol,2026-10-05
Islamabad Diagnostic Centre (IDC),islamabad-diagnostic-centre-idc,chromosomal-analysis--karyotyping-from-blood,Chromosomal Analysis / Karyotyping from blood,,17550,19500,https://instacare.pk/book-tests/lab/islamabad-diagnostic-centre-idc/chromosomal-analysis--karyotyping-from-blood,2026-10-05
Islamabad Diagnostic Centre (IDC),islamabad-diagnostic-centre-idc,free-psa,Free PSA,,5670,6300,https://instacare.pk/book-tests/lab/islamabad-diagnostic-centre-idc/free-psa,2026-10-05
Islamabad Diagnostic Centre (IDC),islamabad-diagnostic-centre-idc,free-t3,Free T3,"Triiodothyronine,FT3,Total Triiodothyronine,Free Triiodothyronine",2655,2950,https://instacare.pk/book-tests/lab/islamabad-diagnostic-centre-idc/free-t3,2026-10-05
Islamabad Diagnostic Centre (IDC),islamabad-diagnostic-centre-idc,free-t4,Free T4,"Thyroxine,Free Thyroxine",2610,2900,https://instacare.pk/book-tests/lab/islamabad-diagnostic-centre-idc/free-t4,2026-10-05
Islamabad Diagnostic Centre (IDC),islamabad-diagnostic-centre-idc,hb,Hemoglobin,"Hgb,HB",675,750,https://instacare.pk/book-tests/lab/islamabad-diagnostic-centre-idc/hb,2026-10-05
Islamabad Diagnostic Centre (IDC),islamabad-diagnostic-centre-idc,hba1c-glycosylated-hemoglobin,HbA1c,"Hemoglobin A1c,A1c,Glycohemoglobin,Glycosylated Hemoglobin,Glycated Hemoglobin",2250,2500,https://instacare.pk/book-tests/lab/islamabad-diagnostic-centre-idc/hba1c-glycosylated-hemoglobin,2026-10-05
Islamabad Diagnostic Centre (IDC),islamabad-diagnostic-centre-idc,hbsag,HBsAg,"Hepatitis B Antigen,Hepatitis B Surface Antigen",990,1100,https://instacare.pk/book-tests/lab/islamabad-diagnostic-centre-idc/hbsag,2026-10-05
Islamabad Diagnostic Centre (IDC),islamabad-diagnostic-centre-idc,lh,Luteinizing Hormone (LH),,2160,2400,https://instacare.pk/book-tests/lab/islamabad-diagnostic-centre-idc/lh,2026-10-05
Islamabad Diagnostic Centre (IDC),islamabad-diagnostic-centre-idc,lipid-profile,Lipid Profile,"Lipid Panel, Coronary Risk Panel,Lipid Profile (Fasting),Lipid Profile (Random)",2700,3000,https://instacare.pk/book-tests/lab/islamabad-diagnostic-centre-idc/lipid-profile,2026-10-05
Islamabad Diagnostic Centre (IDC),islamabad-diagnostic-centre-idc,liver-function-test-with-ggt,Liver Function Test (LFT),"LFT,Liver Profile,Liver Panel",2160,2400,https://instacare.pk/book-tests/lab/islamabad-diagnostic-centre-idc/liver-function-test-with-ggt,2026-10-05
Islamabad Diagnostic Centre (IDC),islamabad-diagnostic-centre-idc,pap-smear,PAP SMEAR,,3870,4300,https://instacare.pk/book-tests/lab/islamabad-diagnostic-centre-idc/pap-smear,2026-10-05
Islamabad Diagnostic Centre (IDC),islamabad-diagnostic-centre-idc,platelet-count,Platelet Count,"Thrombocyte Count,PLT,Platelet Distribution Width,PDW,Mean Platelet Volume,MPV",765,850,https://instacare.pk/book-tests/lab/islamabad-diagnostic-centre-idc/platelet-count,2026-10-05
Islamabad Diagnostic Centre (IDC),islamabad-diagnostic-centre-idc,psa-total,PSA Total,,3330,3700,https://instacare.pk/book-tests/lab/islamabad-diagnostic-centre-idc/psa-total,2026-10-05
Islamabad Diagnostic Centre (IDC),islamabad-diagnostic-centre-idc,renal-function-tests,Renal Function Tests,"RFT,Renal Panel",2880,3200,https://instacare.pk/book-tests/lab/islamabad-diagnostic-centre-idc/renal-function-tests,2026-10-05
Islamabad Diagnostic Centre (IDC),islamabad-diagnostic-centre-idc,semen-for-analysis,Semen Analysis," Sperm Analysis,Sperm Coun,Seminal Fluid Analysis",3150,3500,https://instacare.pk/book-tests/lab/islamabad-diagnostic-centre-idc/semen-for-analysis,2026-10-05
Islamabad Diagnostic Centre (IDC),islamabad-diagnostic-centre-idc,thyroid-function-test-t3-t4-tsh,"Thyroid Function Test (T3, T4, TSH)","FT3,Triiodothyronine,FT4, Thyroid-stimulating Hormone,Thyrotropin",3960,4400,https://instacare.pk/book-tests/lab/islamabad-diagnostic-centre-idc/thyroid-function-test-t3-t4-tsh,2026-10-05
Islamabad Diagnostic Centre (IDC),islamabad-diagnostic-centre-idc,total-protein,TOTAL PROTEIN,,900,1000,https://instacare.pk/book-tests/lab/islamabad-diagnostic-centre-idc/total-protein,2026-10-05
Islamabad Diagnostic Centre (IDC),islamabad-diagnostic-centre-idc,total-t3,Total T3,"Triiodothyronine,Total Triiodothyronine",1890,2100,https://instacare.pk/book-tests/lab/islamabad-diagnostic-centre-idc/total-t3,2026-10-05
Islamabad Diagnostic Centre (IDC),islamabad-diagnostic-centre-idc,total-t4,Total T4,"Triiodothyronine,Total Triiodothyronine",1980,2200,https://instacare.pk/book-tests/lab/islamabad-diagnostic-centre-idc/total-t4,2026-10-05
Islamabad Diagnostic Centre (IDC),islamabad-diagnostic-centre-idc,triglycerides,TRIGLYCERIDES,,990,1100,https://instacare.pk/book-tests/lab/islamabad-diagnostic-centre-idc/triglycerides,2026-10-05
Islamabad Diagnostic Centre (IDC),islamabad-diagnostic-centre-idc,tsh,TSH (Thyroid Stimulating Hormone),"TSH,Thyrotropin",1980,2200,https://instacare.pk/book-tests/lab/islamabad-diagnostic-centre-idc/tsh,2026-10-05
Islamabad Diagnostic Centre (IDC),islamabad-diagnostic-centre-idc,uric-acid-serum,Uric Acid (Serum),"Serum Urate,UA",855,950,https://instacare.pk/book-tests/lab/islamabad-diagnostic-centre-idc/uric-acid-serum,2026-10-05
Islamabad Diagnostic Centre (IDC),islamabad-diagnostic-centre-idc,urine-ce,Urine C/E (Urine Test),"Urine Routine Examination,Urine Complete Examination,Urine R/E,Urine D/R,Urine Analysis,Urine C/E (Complete, Analysis)",675,750,https://instacare.pk/book-tests/lab/islamabad-diagnostic-centre-idc/urine-ce,2026-10-05
Islamabad Diagnostic Centre (IDC),islamabad-diagnostic-centre-idc,vitamin-b12,Vitamin B12,,2610,2900,https://instacare.pk/book-tests/lab/islamabad-diagnostic-centre-idc/vitamin-b12,2026-10-05
Islamabad Diagnostic Centre (IDC),islamabad-diagnostic-centre-idc,stool-re,Stool R/E,,810,900,https://instacare.pk/book-tests/lab/islamabad-diagnostic-centre-idc/stool-re,2026-10-05
Islamabad Diagnostic Centre (IDC),islamabad-diagnostic-centre-idc,typhidot,TYPHIDOT,,1710,1900,https://instacare.pk/book-tests/lab/islamabad-diagnostic-centre-idc/typhidot,2026-10-05
Islamabad Diagnostic Centre (IDC),islamabad-diagnostic-centre-idc,ck-mb,CK-MB,CPK MB,2250,2500,https://instacare.pk/book-tests/lab/islamabad-diagnostic-centre-idc/ck-mb,2026-10-05
Islamabad Diagnostic Centre (IDC),islamabad-diagnostic-centre-idc,g6-pd-test,G6 PD TEST,,3150,3500,https://instacare.pk/book-tests/lab/islamabad-diagnostic-centre-idc/g6-pd-test,2026-10-05
Islamabad Diagnostic Centre (IDC),islamabad-diagnostic-centre-idc,esr,Erythrocyte Sedimentation Rate (ESR),"ESR,Sed Rate,Sedimentation Rate,Westergren Sedimentation Rate,Wintrobe Sedimentation Rate",720,800,https://instacare.pk/book-tests/lab/islamabad-diagnostic-centre-idc/esr,2026-10-05
Islamabad Diagnostic Centre (IDC),islamabad-diagnostic-centre-idc,ultrasound-abdomen--pelvis-two-region,Ultrasound Abdomen & Pelvis (Two Region),,3150,3500,https://instacare.pk/book-tests/lab/islamabad-diagnostic-centre-idc/ultrasound-abdomen--pelvis-two-region,2026-10-05
Islamabad Diagnostic Centre (IDC),islamabad-diagnostic-centre-idc,mri-brain,MRI BRAIN.,,11250,12500,https://instacare.pk/book-tests/lab/islamabad-diagnostic-centre-idc/mri-brain,2026-10-05
Islamabad Diagnostic Centre (IDC),islamabad-diagnostic-centre-idc,mri-knee-joint,MRI KNEE JOINT,,13950,15500,https://instacare.pk/book-tests/lab/islamabad-diagnostic-centre-idc/mri-knee-joint,2026-10-05
Islamabad Diagnostic Centre (IDC),islamabad-diagnostic-centre-idc,mri-lumber-spine-screening,MRI Lumber Spine Screening,,8100,9000,https://instacare.pk/book-tests/lab/islamabad-diagnostic-centre-idc/mri-lumber-spine-screening,2026-10-05
Islamabad Diagnostic Centre (IDC),islamabad-diagnostic-centre-idc,mri-cervical-spine,MRI CERVICAL SPINE,,10800,12000,https://instacare.pk/book-tests/lab/islamabad-diagnostic-centre-idc/mri-cervical-spine,2026-10-05
Islamabad Diagnostic Centre (IDC),islamabad-diagnostic-centre-idc,ct-scan-brain,CT SCAN BRAIN,,7700,8556,https://instacare.pk/book-tests/lab/islamabad-diagnostic-centre-idc/ct-scan-brain,2026-10-05
Islamabad Diagnostic Centre (IDC),islamabad-diagnostic-centre-idc,ct-scan-abdomen,CT SCAN ABDOMEN,,11250,12500,https://instacare.pk/book-tests/lab/islamabad-diagnostic-centre-idc/ct-scan-abdomen,2026-10-05
Islamabad Diagnostic Centre (IDC),islamabad-diagnostic-centre-idc,ct-scan-chest,CT SCAN CHEST,,10800,12000,https://instacare.pk/book-tests/lab/islamabad-diagnostic-centre-idc/ct-scan-chest,2026-10-05
Islamabad Diagnostic Centre (IDC),islamabad-diagnostic-centre-idc,biopsy-small,Biopsy Small,,4950,5500,https://instacare.pk/book-tests/lab/islamabad-diagnostic-centre-idc/biopsy-small,2026-10-05
Islamabad Diagnostic Centre (IDC),islamabad-diagnostic-centre-idc,biopsy-medium,BIOPSY MEDIUM,,5850,6500,https://instacare.pk/book-tests/lab/islamabad-diagnostic-centre-idc/biopsy-medium,2026-10-05
Citilab & Research Centre,citilab-research-centre,17-oh-progesterone,17-OH Progesterone,"17-OH Progesterone,17-Hydroprogesterone,17 Hydroxy Progeserone",2788,3280,https://instacare.pk/book-tests/lab/citilab-research-centre/17-oh-progesterone,2026-10-05
Citilab & Research Centre,citilab-research-centre,ag-ratio,A/G Ratio,"Liver Function Test, ALP, ALB, T.BILI, ALT, AST, GGT,LFT,TP,A/G Ratio",612,720,https://instacare.pk/book-tests/lab/citilab-research-centre/ag-ratio,2026-10-05
Citilab & Research Centre,citilab-research-centre,alkaline-phosphatase,Alkaline Phosphatase,"Alkaline Po4, ALK Po4, Alkaline Phosphatase (Serum)",383,450,https://instacare.pk/book-tests/lab/citilab-research-centre/alkaline-phosphatase,2026-10-05
Citilab & Research Centre,citilab-research-centre,anti-hiv-1-2,Anti-HIV - 1 & 2,"HIV-1 and HIV-2 Antibody,HIV Screening Test,AIDS Screening Test",1913,2250,https://instacare.pk/book-tests/lab/citilab-research-centre/anti-hiv-1-2,2026-10-05
Citilab & Research Centre,citilab-research-centre,anti-mullerian-hormone-amh,Anti-Mullerian Hormone,"AMH,AMH Hormone Test",4811,5660,https://instacare.pk/book-tests/lab/citilab-research-centre/anti-mullerian-hormone-amh,2026-10-05
Citilab & Research Centre,citilab-research-centre,beta-hcg,Beta hCG,"Total beta hCG,Quantitative hCG,Qualitative hCG,hCG Pregnancy",1301,1530,https://instacare.pk/book-tests/lab/citilab-research-centre/beta-hcg,2026-10-05
Citilab & Research Centre,citilab-research-centre,bilirubin-total,Bilirubin Total ,"TBIL, Total Bilirubin",340,400,https://instacare.pk/book-tests/lab/citilab-research-centre/bilirubin-total,2026-10-05
Citilab & Research Centre,citilab-research-centre,free-t3,Free T3,"Triiodothyronine,FT3,Total Triiodothyronine,Free Triiodothyronine",1530,1800,https://instacare.pk/book-tests/lab/citilab-research-centre/free-t3,2026-10-05
Citilab & Research Centre,citilab-research-centre,free-t4,Free T4,"Thyroxine,Free Thyroxine",1530,1800,https://instacare.pk/book-tests/lab/citilab-research-centre/free-t4,2026-10-05
Citilab & Research Centre,citilab-research-centre,ggt,Gamma Glutamyl Transpeptidase,"GGT,GGTP,Gamma-GT,GTP",383,450,https://instacare.pk/book-tests/lab/citilab-research-centre/ggt,2026-10-05
Citilab & Research Centre,citilab-research-centre,hb,Hemoglobin,"Hgb,HB",340,400,https://instacare.pk/book-tests/lab/citilab-research-centre/hb,2026-10-05
Citilab & Research Centre,citilab-research-centre,hba1c-glycosylated-hemoglobin,HbA1c,"Hemoglobin A1c,A1c,Glycohemoglobin,Glycosylated Hemoglobin,Glycated Hemoglobin",1258,1480,https://instacare.pk/book-tests/lab/citilab-research-centre/hba1c-glycosylated-hemoglobin,2026-10-05
Citilab & Research Centre,citilab-research-centre,lh,Luteinizing Hormone (LH),,1258,1480,https://instacare.pk/book-tests/lab/citilab-research-centre/lh,2026-10-05
Citilab & Research Centre,citilab-research-centre,lipid-profile,Lipid Profile,"Lipid Panel, Coronary Risk Panel,Lipid Profile (Fasting),Lipid Profile (Random)",1683,1980,https://instacare.pk/book-tests/lab/citilab-research-centre/lipid-profile,2026-10-05
Citilab & Research Centre,citilab-research-centre,liver-function-test-with-ggt,Liver Function Test (LFT),"LFT,Liver Profile,Liver Panel",1262,1485,https://instacare.pk/book-tests/lab/citilab-research-centre/liver-function-test-with-ggt,2026-10-05
Citilab & Research Centre,citilab-research-centre,pap-smear,PAP SMEAR,,2108,2480,https://instacare.pk/book-tests/lab/citilab-research-centre/pap-smear,2026-10-05
Citilab & Research Centre,citilab-research-centre,platelet-count,Platelet Count,"Thrombocyte Count,PLT,Platelet Distribution Width,PDW,Mean Platelet Volume,MPV",340,400,https://instacare.pk/book-tests/lab/citilab-research-centre/platelet-count,2026-10-05
Citilab & Research Centre,citilab-research-centre,psa,Prostate Specific Antigen (PSA),"Total PSA,Free PSA",1683,1980,https://instacare.pk/book-tests/lab/citilab-research-centre/psa,2026-10-05
Citilab & Research Centre,citilab-research-centre,renal-function-tests,Renal Function Tests,"RFT,Renal Panel",918,1080,https://instacare.pk/book-tests/lab/citilab-research-centre/renal-function-tests,2026-10-05
Citilab & Research Centre,citilab-research-centre,semen-for-analysis,Semen Analysis," Sperm Analysis,Sperm Coun,Seminal Fluid Analysis",1188,1980,https://instacare.pk/book-tests/lab/citilab-research-centre/semen-for-analysis,2026-10-05
Citilab & Research Centre,citilab-research-centre,total-protein,TOTAL PROTEIN,,459,540,https://instacare.pk/book-tests/lab/citilab-research-centre/total-protein,2026-10-05
Citilab & Research Centre,citilab-research-centre,uric-acid-serum,Uric Acid (Serum),"Serum Urate,UA",536,630,https://instacare.pk/book-tests/lab/citilab-research-centre/uric-acid-serum,2026-10-05
Citilab & Research Centre,citilab-research-centre,urine-ce,Urine C/E (Urine Test),"Urine Routine Examination,Urine Complete Examination,Urine R/E,Urine D/R,Urine Analysis,Urine C/E (Complete, Analysis)",306,360,https://instacare.pk/book-tests/lab/citilab-research-centre/urine-ce,2026-10-05
Citilab & Research Centre,citilab-research-centre,vitamin-b12,Vitamin B12,,1454,1710,https://instacare.pk/book-tests/lab/citilab-research-centre/vitamin-b12,2026-10-05
Citilab & Research Centre,citilab-research-centre,ecg,ECG,,425,500,https://instacare.pk/book-tests/lab/citilab-research-centre/ecg,2026-10-05
Citilab & Research Centre,citilab-research-centre,ck-mb,CK-MB,CPK MB,1105,1300,https://instacare.pk/book-tests/lab/citilab-research-centre/ck-mb,2026-10-05
Citilab & Research Centre,citilab-research-centre,esr,Erythrocyte Sedimentation Rate (ESR),"ESR,Sed Rate,Sedimentation Rate,Westergren Sedimentation Rate,Wintrobe Sedimentation Rate",230,270,https://instacare.pk/book-tests/lab/citilab-research-centre/esr,2026-10-05
Citilab & Research Centre,citilab-research-centre,x-ray-chest-pa-view,X-Ray: Chest Pa View,,1020,1200,https://instacare.pk/book-tests/lab/citilab-research-centre/x-ray-chest-pa-view,2026-10-05
Citilab & Research Centre,citilab-research-centre,ultra-sound-usg-pelvis,Ultra Sound (USG): Pelvis,,1700,2000,https://instacare.pk/book-tests/lab/citilab-research-centre/ultra-sound-usg-pelvis,2026-10-05
Excel Labs,excel-labs,ag-ratio,A/G Ratio,"Liver Function Test, ALP, ALB, T.BILI, ALT, AST, GGT,LFT,TP,A/G Ratio",1080,1350,https://instacare.pk/book-tests/lab/excel-labs/ag-ratio,2026-10-05
Excel Labs,excel-labs,anti-musk-antibodies,Anti Musk Antibodies,,7680,9600,https://instacare.pk/book-tests/lab/excel-labs/anti-musk-antibodies,2026-10-05
Excel Labs,excel-labs,beta-hcg,Beta hCG,"Total beta hCG,Quantitative hCG,Qualitative hCG,hCG Pregnancy",3520,4400,https://instacare.pk/book-tests/lab/excel-labs/beta-hcg,2026-10-05
Excel Labs,excel-labs,bilirubin-total,Bilirubin Total ,"TBIL, Total Bilirubin",680,850,https://instacare.pk/book-tests/lab/excel-labs/bilirubin-total,2026-10-05
Excel Labs,excel-labs,blood-ce-complete-cbc,Complete Blood Count (CBC) (Blood Test),"CBC, Blood For Analysis, Blood CP, Blood Complete Picture, Blood Routine Examination,Blood C/E Complete",840,1050,https://instacare.pk/book-tests/lab/excel-labs/blood-ce-complete-cbc,2026-10-05
Excel Labs,excel-labs,cholesterol,Cholesterol,,760,950,https://instacare.pk/book-tests/lab/excel-labs/cholesterol,2026-10-05
Excel Labs,excel-labs,free-psa,Free PSA,,4840,6050,https://instacare.pk/book-tests/lab/excel-labs/free-psa,2026-10-05
Excel Labs,excel-labs,free-t3,Free T3,"Triiodothyronine,FT3,Total Triiodothyronine,Free Triiodothyronine",2200,2750,https://instacare.pk/book-tests/lab/excel-labs/free-t3,2026-10-05
Excel Labs,excel-labs,free-t4,Free T4,"Thyroxine,Free Thyroxine",2200,2750,https://instacare.pk/book-tests/lab/excel-labs/free-t4,2026-10-05
Excel Labs,excel-labs,hb,Hemoglobin,"Hgb,HB",520,650,https://instacare.pk/book-tests/lab/excel-labs/hb,2026-10-05
Excel Labs,excel-labs,lipid-profile,Lipid Profile,"Lipid Panel, Coronary Risk Panel,Lipid Profile (Fasting),Lipid Profile (Random)",2160,2700,https://instacare.pk/book-tests/lab/excel-labs/lipid-profile,2026-10-05
Excel Labs,excel-labs,liver-function-test-with-ggt,Liver Function Test (LFT),"LFT,Liver Profile,Liver Panel",1760,2200,https://instacare.pk/book-tests/lab/excel-labs/liver-function-test-with-ggt,2026-10-05
Excel Labs,excel-labs,pap-smear,PAP SMEAR,,3440,4300,https://instacare.pk/book-tests/lab/excel-labs/pap-smear,2026-10-05
Excel Labs,excel-labs,pap-smear-for-lbc,PAP Smear for LBC  ," Cervical Smear,Papanicolaou Test",4520,5650,https://instacare.pk/book-tests/lab/excel-labs/pap-smear-for-lbc,2026-10-05
Excel Labs,excel-labs,psa,Prostate Specific Antigen (PSA),"Total PSA,Free PSA",2720,3400,https://instacare.pk/book-tests/lab/excel-labs/psa,2026-10-05
Excel Labs,excel-labs,renal-function-tests,Renal Function Tests,"RFT,Renal Panel",1760,2200,https://instacare.pk/book-tests/lab/excel-labs/renal-function-tests,2026-10-05
Excel Labs,excel-labs,serum-creatinine-for-ct-scan,Serum Creatinine for CT Scan,,800,1000,https://instacare.pk/book-tests/lab/excel-labs/serum-creatinine-for-ct-scan,2026-10-05
Excel Labs,excel-labs,total-protein,TOTAL PROTEIN,,760,950,https://instacare.pk/book-tests/lab/excel-labs/total-protein,2026-10-05
Excel Labs,excel-labs,triglycerides,TRIGLYCERIDES,,840,1050,https://instacare.pk/book-tests/lab/excel-labs/triglycerides,2026-10-05
Excel Labs,excel-labs,tsh,TSH (Thyroid Stimulating Hormone),"TSH,Thyrotropin",1560,1950,https://instacare.pk/book-tests/lab/excel-labs/tsh,2026-10-05
Excel Labs,excel-labs,uric-acid-serum,Uric Acid (Serum),"Serum Urate,UA",760,950,https://instacare.pk/book-tests/lab/excel-labs/uric-acid-serum,2026-10-05
Excel Labs,excel-labs,ecg,ECG,,680,850,https://instacare.pk/book-tests/lab/excel-labs/ecg,2026-10-05
Excel Labs,excel-labs,ck-mb,CK-MB,CPK MB,1880,2350,https://instacare.pk/book-tests/lab/excel-labs/ck-mb,2026-10-05
Excel Labs,excel-labs,dengue-ns1-antigen,Dengue NS1 Antigen,"Dengue Fever Virus,Dengue Fever Antibodies",1640,2050,https://instacare.pk/book-tests/lab/excel-labs/dengue-ns1-antigen,2026-10-05
Excel Labs,excel-labs,esr,Erythrocyte Sedimentation Rate (ESR),"ESR,Sed Rate,Sedimentation Rate,Westergren Sedimentation Rate,Wintrobe Sedimentation Rate",520,650,https://instacare.pk/book-tests/lab/excel-labs/esr,2026-10-05
Innova Labs and Diagnostics,innova-labs-and-diagnostics,17-oh-progesterone,17-OH Progesterone,"17-OH Progesterone,17-Hydroprogesterone,17 Hydroxy Progeserone",3600,4500,https://instacare.pk/book-tests/lab/innova-labs-and-diagnostics/17-oh-progesterone,2026-10-05
Innova Labs and Diagnostics,innova-labs-and-diagnostics,alkaline-phosphatase,Alkaline Phosphatase,"Alkaline Po4, ALK Po4, Alkaline Phosphatase (Serum)",440,550,https://instacare.pk/book-tests/lab/innova-labs-and-diagnostics/alkaline-phosphatase,2026-10-05
Innova Labs and Diagnostics,innova-labs-and-diagnostics,anti-hbs,Anti-HBs,Hepatitis B Surface Antibody,1360,1700,https://instacare.pk/book-tests/lab/innova-labs-and-diagnostics/anti-hbs,2026-10-05
Innova Labs and Diagnostics,innova-labs-and-diagnostics,anti-hcv,Anti-HCV,"Anti Hepatitis C Virus Antibodies, ANTI HCV,Hepatitis C Antibody",1760,2200,https://instacare.pk/book-tests/lab/innova-labs-and-diagnostics/anti-hcv,2026-10-05
Innova Labs and Diagnostics,innova-labs-and-diagnostics,anti-mullerian-hormone-amh,Anti-Mullerian Hormone,"AMH,AMH Hormone Test",4400,5500,https://instacare.pk/book-tests/lab/innova-labs-and-diagnostics/anti-mullerian-hormone-amh,2026-10-05
Innova Labs and Diagnostics,innova-labs-and-diagnostics,beta-hcg,Beta hCG,"Total beta hCG,Quantitative hCG,Qualitative hCG,hCG Pregnancy",1600,2000,https://instacare.pk/book-tests/lab/innova-labs-and-diagnostics/beta-hcg,2026-10-05
Innova Labs and Diagnostics,innova-labs-and-diagnostics,bilirubin-total,Bilirubin Total ,"TBIL, Total Bilirubin",400,500,https://instacare.pk/book-tests/lab/innova-labs-and-diagnostics/bilirubin-total,2026-10-05
Innova Labs and Diagnostics,innova-labs-and-diagnostics,blood-ce-complete-cbc,Complete Blood Count (CBC) (Blood Test),"CBC, Blood For Analysis, Blood CP, Blood Complete Picture, Blood Routine Examination,Blood C/E Complete",600,750,https://instacare.pk/book-tests/lab/innova-labs-and-diagnostics/blood-ce-complete-cbc,2026-10-05
Innova Labs and Diagnostics,innova-labs-and-diagnostics,cholesterol,Cholesterol,,480,600,https://instacare.pk/book-tests/lab/innova-labs-and-diagnostics/cholesterol,2026-10-05
Innova Labs and Diagnostics,innova-labs-and-diagnostics,free-t3,Free T3,"Triiodothyronine,FT3,Total Triiodothyronine,Free Triiodothyronine",1920,2400,https://instacare.pk/book-tests/lab/innova-labs-and-diagnostics/free-t3,2026-10-05
Innova Labs and Diagnostics,innova-labs-and-diagnostics,free-t4,Free T4,"Thyroxine,Free Thyroxine",1920,2400,https://instacare.pk/book-tests/lab/innova-labs-and-diagnostics/free-t4,2026-10-05
Innova Labs and Diagnostics,innova-labs-and-diagnostics,hb,Hemoglobin,"Hgb,HB",320,400,https://instacare.pk/book-tests/lab/innova-labs-and-diagnostics/hb,2026-10-05
Innova Labs and Diagnostics,innova-labs-and-diagnostics,hba1c-glycosylated-hemoglobin,HbA1c,"Hemoglobin A1c,A1c,Glycohemoglobin,Glycosylated Hemoglobin,Glycated Hemoglobin",1320,1650,https://instacare.pk/book-tests/lab/innova-labs-and-diagnostics/hba1c-glycosylated-hemoglobin,2026-10-05
Innova Labs and Diagnostics,innova-labs-and-diagnostics,hbsag,HBsAg,"Hepatitis B Antigen,Hepatitis B Surface Antigen",1280,1600,https://instacare.pk/book-tests/lab/innova-labs-and-diagnostics/hbsag,2026-10-05
Innova Labs and Diagnostics,innova-labs-and-diagnostics,lh,Luteinizing Hormone (LH),,1600,2000,https://instacare.pk/book-tests/lab/innova-labs-and-diagnostics/lh,2026-10-05
Innova Labs and Diagnostics,innova-labs-and-diagnostics,lipid-profile,Lipid Profile,"Lipid Panel, Coronary Risk Panel,Lipid Profile (Fasting),Lipid Profile (Random)",1760,2200,https://instacare.pk/book-tests/lab/innova-labs-and-diagnostics/lipid-profile,2026-10-05
Innova Labs and Diagnostics,innova-labs-and-diagnostics,liver-function-test-with-ggt,Liver Function Test (LFT),"LFT,Liver Profile,Liver Panel",1440,1800,https://instacare.pk/book-tests/lab/innova-labs-and-diagnostics/liver-function-test-with-ggt,2026-10-05
Innova Labs and Diagnostics,innova-labs-and-diagnostics,pap-smear,PAP SMEAR,,2000,2500,https://instacare.pk/book-tests/lab/innova-labs-and-diagnostics/pap-smear,2026-10-05
Innova Labs and Diagnostics,innova-labs-and-diagnostics,platelet-count,Platelet Count,"Thrombocyte Count,PLT,Platelet Distribution Width,PDW,Mean Platelet Volume,MPV",240,300,https://instacare.pk/book-tests/lab/innova-labs-and-diagnostics/platelet-count,2026-10-05
Innova Labs and Diagnostics,innova-labs-and-diagnostics,psa,Prostate Specific Antigen (PSA),"Total PSA,Free PSA",2240,2800,https://instacare.pk/book-tests/lab/innova-labs-and-diagnostics/psa,2026-10-05
Innova Labs and Diagnostics,innova-labs-and-diagnostics,thyroid-function-test-t3-t4-tsh,"Thyroid Function Test (T3, T4, TSH)","FT3,Triiodothyronine,FT4, Thyroid-stimulating Hormone,Thyrotropin",3080,3850,https://instacare.pk/book-tests/lab/innova-labs-and-diagnostics/thyroid-function-test-t3-t4-tsh,2026-10-05
Innova Labs and Diagnostics,innova-labs-and-diagnostics,total-protein,TOTAL PROTEIN,,320,400,https://instacare.pk/book-tests/lab/innova-labs-and-diagnostics/total-protein,2026-10-05
Innova Labs and Diagnostics,innova-labs-and-diagnostics,triglycerides,TRIGLYCERIDES,,480,600,https://instacare.pk/book-tests/lab/innova-labs-and-diagnostics/triglycerides,2026-10-05
Innova Labs and Diagnostics,innova-labs-and-diagnostics,tsh,TSH (Thyroid Stimulating Hormone),"TSH,Thyrotropin",1200,1500,https://instacare.pk/book-tests/lab/innova-labs-and-diagnostics/tsh,2026-10-05
Innova Labs and Diagnostics,innova-labs-and-diagnostics,urine-ce,Urine C/E (Urine Test),"Urine Routine Examination,Urine Complete Examination,Urine R/E,Urine D/R,Urine Analysis,Urine C/E (Complete, Analysis)",400,500,https://instacare.pk/book-tests/lab/innova-labs-and-diagnostics/urine-ce,2026-10-05
Innova Labs and Diagnostics,innova-labs-and-diagnostics,vitamin-b12,Vitamin B12,,1760,2200,https://instacare.pk/book-tests/lab/innova-labs-and-diagnostics/vitamin-b12,2026-10-05
Innova Labs and Diagnostics,innova-labs-and-diagnostics,wbc-count-tlc,WBC Count (TLC)," Leukocyte Count,White Count",360,450,https://instacare.pk/book-tests/lab/innova-labs-and-diagnostics/wbc-count-tlc,2026-10-05
Innova Labs and Diagnostics,innova-labs-and-diagnostics,ck-mb,CK-MB,CPK MB,1200,1500,https://instacare.pk/book-tests/lab/innova-labs-and-diagnostics/ck-mb,2026-10-05
Innova Labs and Diagnostics,innova-labs-and-diagnostics,g6-pd-test,G6 PD TEST,,1600,2000,https://instacare.pk/book-tests/lab/innova-labs-and-diagnostics/g6-pd-test,2026-10-05
Innova Labs and Diagnostics,innova-labs-and-diagnostics,dengue-ns1-antigen,Dengue NS1 Antigen,"Dengue Fever Virus,Dengue Fever Antibodies",1200,1500,https://instacare.pk/book-tests/lab/innova-labs-and-diagnostics/dengue-ns1-antigen,2026-10-05
Innova Labs and Diagnostics,innova-labs-and-diagnostics,esr,Erythrocyte Sedimentation Rate (ESR),"ESR,Sed Rate,Sedimentation Rate,Westergren Sedimentation Rate,Wintrobe Sedimentation Rate",240,300,https://instacare.pk/book-tests/lab/innova-labs-and-diagnostics/esr,2026-10-05
Innova Labs and Diagnostics,innova-labs-and-diagnostics,ultra-sound-usg-abdomen-pelvis,Ultra Sound (USG): Abdomen & Pelvis,,1650,2200,https://instacare.pk/book-tests/lab/innova-labs-and-diagnostics/ultra-sound-usg-abdomen-pelvis,2026-10-05
Innova Labs and Diagnostics,innova-labs-and-diagnostics,ultra-sound-usg-pelvis,Ultra Sound (USG): Pelvis,,1275,1700,https://instacare.pk/book-tests/lab/innova-labs-and-diagnostics/ultra-sound-usg-pelvis,2026-10-05
Innova Labs and Diagnostics,innova-labs-and-diagnostics,hcv-rna-by-pcr-qualitative,HCV RNA by PCR Qualitative,,5200,6500,https://instacare.pk/book-tests/lab/innova-labs-and-diagnostics/hcv-rna-by-pcr-qualitative,2026-10-05
Innova Labs and Diagnostics,innova-labs-and-diagnostics,biopsy-medium,BIOPSY MEDIUM,,3040,3800,https://instacare.pk/book-tests/lab/innova-labs-and-diagnostics/biopsy-medium,2026-10-05
