chain,branch_name,street_address,area,city,latitude,longitude,location_precision,source_url,collected_on
Chughtai Lab,Chughtai Medical Center Main Gulberg Road,"Opposite National Hospital, Near Tabaq Restaurant",Gulberg Road,Faisalabad,31.417954,73.064269,area,https://instacare.pk/lab/chughtai-lab/Faisalabad/Gulberg%20Road/chughtai-medical-center-main-gulberg-road,2026-10-05
Chughtai Lab,Chughtai Medical Center Akbarabad Chowk,Near Allied Hospital,Akbarabad Chowk,Faisalabad,31.447038,73.080222,area,https://instacare.pk/lab/chughtai-lab/Faisalabad/Akbarabad%20Chowk/chughtai-medical-center-akbarabad-chowk,2026-10-05
Chughtai Lab,Chughtai Medical Center Samanabad,Near Lahore Diagnostic Center,Samanabad,Faisalabad,31.387325,73.067595,area,https://instacare.pk/lab/chughtai-lab/Faisalabad/Samanabad/chughtai-medical-center-samanabad,2026-10-05
Chughtai Lab,Chughtai Medical Center Satiana Road,"Saleemi Chowk, Opp National Bank",Satiana Road,Faisalabad,31.393505,73.117319,area,https://instacare.pk/lab/chughtai-lab/Faisalabad/Satiana%20Road/chughtai-medical-center-satiana-road,2026-10-05
Chughtai Lab,Chughtai Medical Center Susan Road,Madina Town,Susan Road,Faisalabad,31.420371,73.116914,street,https://instacare.pk/lab/chughtai-lab/Faisalabad/Susan%20Road/chughtai-medical-center-susan-road,2026-10-05
Chughtai Lab,Chughtai Medical Center Canal Road,Near Faisal Hospital,East Canal Road,Faisalabad,31.465109,73.189801,area,https://instacare.pk/lab/chughtai-lab/Faisalabad/East%20Canal%20Road/chughtai-medical-center-canal-road,2026-10-05
Chughtai Lab,Chughtai Medical Center Ghulamabad,Al-Moiz Diagnostic Center,Ghulam Muhammad Abad,Faisalabad,31.445419,73.047399,area,https://instacare.pk/lab/chughtai-lab/Faisalabad/Ghulam%20Muhammad%20Abad/chughtai-medical-center-ghulamabad,2026-10-05
Chughtai Lab,Chughtai Medical Center Madina Town,Near Prime Care Hospital,Madina Town,Faisalabad,31.416155,73.120273,area,https://instacare.pk/lab/chughtai-lab/Faisalabad/Madina%20Town/chughtai-medical-center-madina-town,2026-10-05
Islamabad Diagnostic Centre (IDC),Islamabad Diagnostic Centre (IDC) Peoples Colony,"563-B, Satiana Road",Peoples Colony,Faisalabad,31.410159,73.094132,street,https://instacare.pk/lab/islamabad-diagnostic-centre-idc/Faisalabad/Peoples%20Colony/islamabad-diagnostic-centre-idc-peoples-colony,2026-10-05
Islamabad Diagnostic Centre (IDC),Islamabad Diagnostic Centre (IDC) Gulberg Road,"Fatima Centre, Opposite National Hospital",Gulberg Road,Faisalabad,31.417954,73.064269,area,https://instacare.pk/lab/islamabad-diagnostic-centre-idc/Faisalabad/Gulberg%20Road/islamabad-diagnostic-centre-idc-gulberg-road,2026-10-05
Islamabad Diagnostic Centre (IDC),Islamabad Diagnostic Centre (IDC) Canal Road,"Green mall plaza, Saeed colony# 1, Gate# 2",Canal Road,Faisalabad,,,none,https://instacare.pk/lab/islamabad-diagnostic-centre-idc/Faisalabad/Canal%20Road/islamabad-diagnostic-centre-idc-canal-road,2026-10-05
Islamabad Diagnostic Centre (IDC),Islamabad Diagnostic Centre (IDC) Gulistan Colony,"Raja Road, Near Aziz Fatima Hospital",Gulistan Colony,Faisalabad,31.444404,73.103627,area,https://instacare.pk/lab/islamabad-diagnostic-centre-idc/Faisalabad/Gulistan%20Colony/islamabad-diagnostic-centre-idc-gulistan-colony,2026-10-05
Citilab & Research Centre,Citi Lab Akbarabad Chowk,"Akhter Plaza, P-107/A, ast Floor, St # 5, Opp Allied Hospital",Akbarabad Chowk,Faisalabad,31.447038,73.080222,area,https://instacare.pk/lab/citilab-research-centre/Faisalabad/Akbarabad%20Chowk/citi-lab-akbarabad-chowk,2026-10-05
Citilab & Research Centre,Citi Lab Satayana Road Satayana Road,"350-B, LA Salle Road, Near Ideal Sweet",Satiana Road,Faisalabad,31.393505,73.117319,area,https://instacare.pk/lab/citilab-research-centre/Faisalabad/Satiana%20Road/citi-lab-satayana-road-satayana-road,2026-10-05
Citilab & Research Centre,Citi Lab Peoples Colony,572-B Main Satyana Road Salemi Chowk,Peoples Colony,Faisalabad,31.408536,73.108257,area,https://instacare.pk/lab/citilab-research-centre/Faisalabad/Peoples%20Colony/citi-lab-peoples-colony,2026-10-05
Citilab & Research Centre,Citi Lab Daewoo Road,Allied Hospital Street #5,Daewoo Road,Faisalabad,31.447849,73.079281,area,https://instacare.pk/lab/citilab-research-centre/Faisalabad/Daewoo%20Road/citi-lab-daewoo-road,2026-10-05
Excel Labs,Excel Lab Aziz Gulistan Colony,219 B Aziz Fatima Hospital Road Near Shalimar Hotel,Gulistan Colony,Faisalabad,31.444404,73.103627,area,https://instacare.pk/lab/excel-labs/Faisalabad/Gulistan%20Colony/excel-lab-aziz-gulistan-colony,2026-10-05
Excel Labs,Excel Lab Susan Road Point,"Inside Green Pharmacy, Near Ideal Bakery",Susan Road,Faisalabad,31.421815,73.117571,area,https://instacare.pk/lab/excel-labs/Faisalabad/Susan%20Road/,2026-10-05
Excel Labs,Excel Lab Satiana Road,339- B Near Doctor Plaza Adjacent Punjab Bank,Satiana Road,Faisalabad,31.393505,73.117319,area,https://instacare.pk/lab/excel-labs/Faisalabad/Satiana%20Road/excel-lab-satiana-road,2026-10-05
Excel Labs,Excel Lab Akbarabad Chowk,Opposite Pace College Near A-One Surgical Allied Hospital,Akbarabad Chowk,Faisalabad,31.447038,73.080222,area,https://instacare.pk/lab/excel-labs/Faisalabad/Akbarabad%20Chowk/excel-lab-akbarabad-chowk,2026-10-05
Innova Labs and Diagnostics,Innova Labs and Diagnostics Samnabad Road,Bilal Chowk,Samnabad Road,Faisalabad,,,none,https://instacare.pk/lab/innova-labs-and-diagnostics/Faisalabad/Samnabad%20Road/innova-labs-and-diagnostics-samnabad-road,2026-10-05
