doctor_name,specialty,experience_years,rating_5,review_count,instacare_satisfaction_pct,clinic_or_hospital_address,phone,source,source_url,city,last_checked
Dr. Hafiz Muhammad Junaid,Neurosurgeon,10,4.8,1523,,"563-B, Saleem Chowk, Peoples Colony, Satiana Road, Faisalabad",0415068065,Oladoc,https://oladoc.com/pakistan/faisalabad/h/idc-faisalabad/6623,Faisalabad,2026-10-02
Dr. Umair Fiaz Sheikh,Neurologist,9,4.9,512,,"563-B, Saleem Chowk, Peoples Colony, Satiana Road, Faisalabad",0415068065,Oladoc,https://oladoc.com/pakistan/faisalabad/h/idc-faisalabad/6623,Faisalabad,2026-10-02
Dr. Muhammad Abdur Rehman,Neurosurgeon; Spinal Surgeon,,4.9,103,,"563-B, Saleem Chowk, Peoples Colony, Satiana Road, Faisalabad",0415068065,Oladoc,https://oladoc.com/pakistan/faisalabad/h/idc-faisalabad/6623,Faisalabad,2026-10-02
Assoc. Prof. Dr. Zafar Fayyaz,Pediatric Gastroenterologist; Pediatrician,17,4.7,452,,"563-B, Saleem Chowk, Peoples Colony, Satiana Road, Faisalabad",0415068065,Oladoc,https://oladoc.com/pakistan/faisalabad/h/idc-faisalabad/6623,Faisalabad,2026-10-02
Dr. Muhammad Waqas Khichi,ENT Specialist; ENT Surgeon,7,4.8,143,,"563-B, Saleem Chowk, Peoples Colony, Satiana Road, Faisalabad",0415068065,Oladoc,https://oladoc.com/pakistan/faisalabad/h/idc-faisalabad/6623,Faisalabad,2026-10-02
Dr. Muhammad Arslan Azhar,Family Physician; Pathologist,7,5.0,124,,"371, Jinnah Colony, Near Chiniot Dialysis Center, Faisalabad",03001234567,Oladoc,https://oladoc.com/pakistan/faisalabad/h/health-care-clinic-faisalabad/13320,Faisalabad,2026-10-02
Dr. Jawairia Khan,Internal Medicine Specialist; Consultant Physician,10,5.0,3,,"371, Jinnah Colony, Near Chiniot Dialysis Center, Faisalabad",03001234567,Oladoc,https://oladoc.com/pakistan/faisalabad/h/health-care-clinic-faisalabad/13320,Faisalabad,2026-10-02
Dr. Mahnoor Azhar,General Physician; Family Physician,9,4.7,1283,,"371, Jinnah Colony, Near Chiniot Dialysis Center, Faisalabad",03001234567,Oladoc,https://oladoc.com/pakistan/faisalabad/h/health-care-clinic-faisalabad/13320,Faisalabad,2026-10-02
Dr. Awais Aslam,Pulmonologist,12,4.9,2347,,"Mian Zulfiqar Ali Shahid Road, Block B, Muslim Town, Faisalabad",03138479077,Oladoc,https://oladoc.com/pakistan/faisalabad/h/doctors-medical-and-diagnostic-complex/14152,Faisalabad,2026-10-02
Dr. Atta Ul Haq Shah,General Physician; Family Physician,8,5.0,3,,"Rehman Medical Complex, Near Chugtai Lab, Tandlianwala District, Faisalabad",0415068065,Oladoc,https://oladoc.com/pakistan/faisalabad/h/rehman-medical-complex-faisalabad/15426,Faisalabad,2026-10-02
Dr. Sidrah Khan,Gynecologist; Obstetrician,3,5.0,3,,"Nemat Colony, Near Khurram Chowk, Faisalabad",0415068065,Oladoc,https://oladoc.com/pakistan/faisalabad/h/doctor-clinic/10696,Faisalabad,2026-10-02
Ms. S. Anam Adnan,Nutritionist; Dietitian,10,4.8,80,,"605/A, Haseeb Shaheed Colony, Block A, Peoples Colony 2, Faisalabad",0415068065,Oladoc,https://oladoc.com/pakistan/faisalabad/h/shifa-clinic-faisalabad/20942,Faisalabad,2026-10-02
Dr. Ali Faheem Haider,General Physician,2,,,,"Street-17 Subhan Aullah Plaza, Dogar Chowk, Ghulam Muhammad Abad, Faisalabad",04238900939,Oladoc,https://oladoc.com/pakistan/faisalabad/h/faiq-medical-complex/21194,Faisalabad,2026-10-02
Dr. Nisar Khan Sajid,Pediatrician,20,4.8,28,,"Raja Road, Block H, Gulistan Colony, Faisalabad",04238900939,Oladoc,https://oladoc.com/pakistan/faisalabad/h/sharif-medical-complex-faisalabad/5727,Faisalabad,2026-10-02
Dr. Salman Shakoor Awan,Internal Medicine Specialist; Consultant Physician; General Physician,12,4.9,45,,"Raja Road, Block H, Gulistan Colony, Faisalabad",04238900939,Oladoc,https://oladoc.com/pakistan/faisalabad/h/sharif-medical-complex-faisalabad/5727,Faisalabad,2026-10-02
Dr. Ishtiaq Ahmad,Cardiologist,20,5.0,4,,"Near Imam Bargah, Water Works Road, Jaranwala, Faisalabad",03071111024,Oladoc,https://oladoc.com/pakistan/faisalabad/h/doctors-center/11256,Faisalabad,2026-10-02
Dr. Ali Ahmad,General Physician; Family Physician,2,5.0,7,,"Near Rehmat Medical Store, Bilal Nagar, Faisalabad",0415068065,Oladoc,https://oladoc.com/pakistan/faisalabad/h/dr-ali-ahmad-clinic/17216,Faisalabad,2026-10-02
Dr. Farkhanda Jabeen,Family Physician; General Physician,15,4.5,148,,"Muniawala Stop, Arif Road, Near Zee Garden, Sheikhupura Road, Faisalabad",03188667334,Oladoc,https://oladoc.com/pakistan/faisalabad/h/family-care-clinic-faisal-abad/16689,Faisalabad,2026-10-02
Dr. Muhammad Waqas Qadri,Internal Medicine Specialist; Family Physician; Gastroenterologist; General Physician,14,4.9,181,,"673-A, Peoples Colony No. 1, Canal Road, Faisalabad",,Oladoc,https://oladoc.com/pakistan/faisalabad/dr/internal-medicine-specialist/muhhammad-waqas-qadri/13464,Faisalabad,2026-10-02
Dr. Mehar Muhammad Imran,Pulmonologist; Internal Medicine Specialist,10,4.9,297,,"House No. 122, Peoples Colony No. 1, Medina Society, Near NGS School, Faisalabad",,Oladoc,https://oladoc.com/pakistan/faisalabad/dr/pulmonologist/mehar-muhammad-imran/315273,Faisalabad,2026-10-02
Dr. Rana Qamar Javed,Oncologist; Consultant Physician,20,4.9,333,,"National Hospital, Gulberg Road, Jinnah Colony, Faisalabad",,Oladoc,https://oladoc.com/pakistan/faisalabad/dr/oncologist/rana-qamar-javed/330786,Faisalabad,2026-10-02
Dr. Muhammad Usama Malik,Dentist; Oral and Maxillofacial Surgeon,12,4.9,158,,"Alpha Dental, 36-B, People's Colony No. 1, D-Ground, Harianwala Chowk, Faisalabad",,Oladoc,https://oladoc.com/pakistan/faisalabad/dr/dentist/muhammad-usama-malik/1170040,Faisalabad,2026-10-02
Dr. Fabiha Farooq,Dentist,11,,,99%,"Prime Care Hospital, Saeed Colony, Faisalabad",,InstaCare,https://instacare.pk/hospitals/faisalabad/saeed-colony/prime-care-hospital-faisalabad,Faisalabad,2026-10-02
Dr. Asmara Naeemi,Gynecologist,15,,,99%,"Prime Care Hospital, Saeed Colony, Faisalabad",,InstaCare,https://instacare.pk/hospitals/faisalabad/saeed-colony/prime-care-hospital-faisalabad,Faisalabad,2026-10-02
Dr. Saba Tariq,Gynecologist,,,,,"Prime Care Hospital, Saeed Colony, Faisalabad",,InstaCare,https://instacare.pk/hospitals/faisalabad/saeed-colony/prime-care-hospital-faisalabad,Faisalabad,2026-10-02
Dr. Ayub Ur Rehman,ENT Specialist,8,,,98%,"Independent Hospital, Narwala Road, Faisalabad",,InstaCare,https://instacare.pk/hospitals/faisalabad/narwala-road/independent-hospital,Faisalabad,2026-10-02
Dr. Ayesha Arif,General Physician,8,,,98%,"Independent Hospital, Narwala Road, Faisalabad",,InstaCare,https://instacare.pk/hospitals/faisalabad/narwala-road/independent-hospital,Faisalabad,2026-10-02
Dr. Ali Ikram,General Physician,,,,,"Independent Hospital, Narwala Road, Faisalabad",,InstaCare,https://instacare.pk/hospitals/faisalabad/narwala-road/independent-hospital,Faisalabad,2026-10-02
Dr. Umar Amjad,General/Medicine,,,,98%,Faisalabad (online consultation listing),,InstaCare,https://instacare.pk/doctors/faisalabad/samanabad,Faisalabad,2026-10-02
Dr. Amna Shahnawaz,General/Medicine,,,,98%,Faisalabad (online consultation listing),,InstaCare,https://instacare.pk/doctors/faisalabad/samanabad,Faisalabad,2026-10-02
Dr. Aurang Zaib,Dermatology/Aesthetic Medicine,,,,98%,Faisalabad (online consultation listing),,InstaCare,https://instacare.pk/doctors/faisalabad/samanabad,Faisalabad,2026-10-02
Dr. Moazzam Ali,Psychology,19,,,99%,"Rehman Hospital, Jinnah Colony, Faisalabad",,InstaCare,https://instacare.pk/diseases/fits/faisalabad,Faisalabad,2026-10-02
Dr. Hamza Tajammal,Dentist,8,,,98%,"Dental Spa, Gulistan Colony, Faisalabad",,InstaCare,https://instacare.pk/diseases/fits/faisalabad,Faisalabad,2026-10-02
